Cuvânt cheie,Volum căutări (RO),Competitivitate,Sub-nișă,Link eMAG
cel mai bun telefon 2025,22000,Medie,Telefoane,https://www.emag.ro/search/telefon
cel mai bun telefon sub 2000 lei,8100,Ridicată,Telefoane,https://www.emag.ro/search/telefon%20sub%202000%20lei
cel mai bun telefon pentru poze,6600,Ridicată,Telefoane,https://www.emag.ro/search/telefon%20pentru%20poze
cel mai bun smartphone ieftin,5400,Ridicată,Telefoane,https://www.emag.ro/search/smartphone%20ieftin
cele mai bune telefoane pentru gaming,4400,Medie,Telefoane,https://www.emag.ro/search/telefon%20gaming
cel mai bun smartwatch,9900,Medie,Smartwatch-uri,https://www.emag.ro/search/smartwatch
cel mai bun smartwatch pentru femei,2700,Medie,Smartwatch-uri,https://www.emag.ro/search/smartwatch%20femei
cel mai bun smartwatch pentru bărbați,2400,Medie,Smartwatch-uri,https://www.emag.ro/search/smartwatch%20barbati
cele mai bune smartwatch-uri ieftine,1900,Medie,Smartwatch-uri,https://www.emag.ro/search/smartwatch%20ieftin
cel mai bun laptop pentru gaming,9900,Ridicată,Laptopuri,https://www.emag.ro/search/laptop%20gaming
cel mai bun laptop sub 3000 lei,6600,Medie,Laptopuri,https://www.emag.ro/search/laptop%20sub%203000%20lei
cel mai bun laptop pentru școală,2900,Medie,Laptopuri,https://www.emag.ro/search/laptop%20scoala
cel mai bun laptop pentru programare,2600,Medie,Laptopuri,https://www.emag.ro/search/laptop%20programare
cel mai bun laptop de birou,2300,Medie,Laptopuri,https://www.emag.ro/search/laptop%20birou
cele mai bune laptopuri de gaming,5400,Ridicată,Laptopuri,https://www.emag.ro/search/laptopuri%20gaming
cel mai bun monitor pentru gaming,3200,Medie,Monitoare,https://www.emag.ro/search/monitor%20gaming
cel mai bun monitor 4K,2800,Medie,Monitoare,https://www.emag.ro/search/monitor%204K
cele mai bune monitoare office,1600,Scăzută,Monitoare,https://www.emag.ro/search/monitor%20office
cel mai bun mouse de gaming,1600,Medie,Periferice,https://www.emag.ro/search/mouse%20gaming
cel mai bun mouse wireless,1400,Scăzută,Periferice,https://www.emag.ro/search/mouse%20wireless
cele mai bune tastaturi mecanice,1900,Medie,Periferice,https://www.emag.ro/search/tastatura%20mecanica
cel mai bun router wifi,2900,Medie,Retea,https://www.emag.ro/search/router%20wifi
cel mai bun router pentru gaming,1200,Ridicată,Retea,https://www.emag.ro/search/router%20gaming
cel mai bun sistem mesh wifi,1100,Medie,Retea,https://www.emag.ro/search/mesh%20wifi
cel mai bun powerbank,2600,Medie,Accesorii,https://www.emag.ro/search/powerbank
cel mai bun cablu usb c,1400,Scăzută,Accesorii,https://www.emag.ro/search/cablu%20usb%20c
cel mai bun încărcător wireless,1700,Medie,Accesorii,https://www.emag.ro/search/incarcator%20wireless
cel mai bun suport telefon mașină,2100,Scăzută,Accesorii,https://www.emag.ro/search/suport%20telefon%20masina
cele mai bune boxe portabile,4400,Medie,Audio,https://www.emag.ro/search/boxe%20portabile
cel mai bun difuzor bluetooth,2800,Medie,Audio,https://www.emag.ro/search/difuzor%20bluetooth
cel mai bun soundbar,2000,Medie,Audio,https://www.emag.ro/search/soundbar
cele mai bune casti bluetooth,6600,Medie,Audio,https://www.emag.ro/search/casti%20bluetooth
cel mai bun microfon pentru streaming,1200,Ridicată,Audio,https://www.emag.ro/search/microfon%20streaming
cel mai bun webcam pentru streaming,900,Medie,Video,https://www.emag.ro/search/webcam%20streaming
cel mai bun aparat foto mirrorless,2400,Ridicată,Fotografie,https://www.emag.ro/search/aparat%20foto%20mirrorless
cel mai bun aparat foto compact,1500,Medie,Fotografie,https://www.emag.ro/search/aparat%20foto%20compact
cel mai bun stabilizator gimbal,900,Medie,Fotografie,https://www.emag.ro/search/gimbal
cele mai bune drone ieftine,1900,Medie,Drone,https://www.emag.ro/search/drone
cel mai bun robot aspirator smart,4400,Ridicată,Smart Home,https://www.emag.ro/search/robot%20aspirator
cel mai bun bec smart,1700,Medie,Smart Home,https://www.emag.ro/search/bec%20smart
cel mai bun termostat smart,1300,Medie,Smart Home,https://www.emag.ro/search/termostat%20smart
cele mai bune prize inteligente,1100,Medie,Smart Home,https://www.emag.ro/search/priza%20inteligenta
cel mai bun asistent vocal,800,Scăzută,Smart Home,https://www.emag.ro/search/asistent%20vocal
cel mai bun televizor 4K,4000,Medie,TV,https://www.emag.ro/search/televizor%204k
cel mai bun televizor OLED,2800,Medie,TV,https://www.emag.ro/search/televizor%20oled
cel mai bun TV ieftin,2200,Medie,TV,https://www.emag.ro/search/televizor%20ieftin
cele mai bune televizoare pentru gaming,2600,Ridicată,TV,https://www.emag.ro/search/televizor%20gaming
cel mai bun sistem home cinema,1900,Medie,TV,https://www.emag.ro/search/home%20cinema
cel mai bun mini proiector,1300,Medie,Video,https://www.emag.ro/search/mini%20proiector
cel mai bun proiector portabil,1100,Medie,Video,https://www.emag.ro/search/proiector%20portabil
cele mai bune console de gaming,4400,Ridicată,Gaming,https://www.emag.ro/search/console%20gaming
cel mai bun controller PS5,2600,Medie,Gaming,https://www.emag.ro/search/controller%20ps5
cel mai bun controller Xbox,1900,Medie,Gaming,https://www.emag.ro/search/controller%20xbox
cel mai bun scaun de gaming,3600,Medie,Gaming,https://www.emag.ro/search/scaun%20gaming
cel mai bun volan pentru PC,1200,Medie,Gaming,https://www.emag.ro/search/volan%20pc
cel mai bun joystick,1000,Scăzută,Gaming,https://www.emag.ro/search/joystick
cele mai bune console portabile,1700,Medie,Gaming,https://www.emag.ro/search/console%20portabile
cel mai bun microfon de gaming,1200,Medie,Gaming,https://www.emag.ro/search/microfon%20gaming
cel mai bun cooler laptop,900,Medie,Accesorii,https://www.emag.ro/search/cooler%20laptop
cel mai bun stand laptop,700,Scăzută,Accesorii,https://www.emag.ro/search/stand%20laptop
cel mai bun hub usb c,1200,Medie,Accesorii,https://www.emag.ro/search/hub%20usb%20c
cele mai bune carcase pc,1600,Medie,PC,https://www.emag.ro/search/carcasa%20pc
cel mai bun sistem PC gaming,2900,Ridicată,PC,https://www.emag.ro/search/sistem%20pc%20gaming
cel mai bun procesor pentru gaming,3300,Ridicată,PC,https://www.emag.ro/search/procesor%20gaming
cel mai bun cooler procesor,900,Medie,PC,https://www.emag.ro/search/cooler%20procesor
cele mai bune plăci video,5400,Ridicată,PC,https://www.emag.ro/search/placa%20video
cel mai bun SSD pentru laptop,1900,Medie,PC,https://www.emag.ro/search/ssd%20laptop
cel mai bun HDD extern,1800,Medie,PC,https://www.emag.ro/search/hdd%20extern
cel mai bun router 5G,1400,Medie,Retea,https://www.emag.ro/search/router%205g
cel mai bun adaptor wi-fi,900,Medie,Retea,https://www.emag.ro/search/adaptor%20wifi
cel mai bun sistem UPS,800,Medie,Retea,https://www.emag.ro/search/ups
cel mai bun NAS server,600,Medie,Retea,https://www.emag.ro/search/nas
cele mai bune camere de supraveghere,4400,Medie,Smart Home,https://www.emag.ro/search/camere%20supraveghere
cel mai bun sistem de alarmă smart,1300,Medie,Smart Home,https://www.emag.ro/search/sistem%20alarma%20smart
cel mai bun interfon video,1000,Medie,Smart Home,https://www.emag.ro/search/interfon%20video
cele mai bune boxe inteligente,1400,Medie,Smart Home,https://www.emag.ro/search/boxe%20inteligente
cel mai bun aspirator vertical,4400,Medie,Electrocasnice,https://www.emag.ro/search/aspirator%20vertical
cel mai bun fier de călcat vertical,1900,Medie,Electrocasnice,https://www.emag.ro/search/fier%20de%20calcat%20vertical
cel mai bun robot de curățenie,5400,Ridicată,Smart Home,https://www.emag.ro/search/robot%20curatenie
cel mai bun cablu HDMI,2200,Scăzută,Accesorii,https://www.emag.ro/search/cablu%20hdmi
cel mai bun cablu DisplayPort,1200,Scăzută,Accesorii,https://www.emag.ro/search/cablu%20displayport
cele mai bune adaptoare bluetooth,1000,Scăzută,Accesorii,https://www.emag.ro/search/adaptor%20bluetooth
cel mai bun trepied foto,800,Medie,Fotografie,https://www.emag.ro/search/trepied%20foto
cel mai bun card SD,1400,Medie,Fotografie,https://www.emag.ro/search/card%20sd
cele mai bune lentile pentru telefon,1000,Scăzută,Fotografie,https://www.emag.ro/search/lentile%20telefon
cel mai bun stabilizator video,900,Medie,Fotografie,https://www.emag.ro/search/stabilizator%20video
cel mai bun dronă cu cameră 4K,1700,Medie,Drone,https://www.emag.ro/search/drone%204k
cele mai bune drone profesionale,1300,Ridicată,Drone,https://www.emag.ro/search/drone%20profesionale
cel mai bun drone sub 1000 lei,900,Medie,Drone,https://www.emag.ro/search/drone%20sub%201000%20lei
cel mai bun trepied pentru vlog,800,Medie,Fotografie,https://www.emag.ro/search/trepied%20vlog
cele mai bune camere de acțiune,1900,Medie,Video,https://www.emag.ro/search/camera%20actiune
cel mai bun GoPro 2025,2600,Ridicată,Video,https://www.emag.ro/search/gopro
cel mai bun webcam 4K,1200,Medie,Video,https://www.emag.ro/search/webcam%204k
cel mai bun microfon USB,1500,Medie,Audio,https://www.emag.ro/search/microfon%20usb
cele mai bune microfoane wireless,1100,Medie,Audio,https://www.emag.ro/search/microfon%20wireless
cel mai bun mixer audio,900,Medie,Audio,https://www.emag.ro/search/mixer%20audio
cel mai bun preamplificator microfon,600,Medie,Audio,https://www.emag.ro/search/preamplificator
cele mai bune plăci de sunet,1200,Medie,Audio,https://www.emag.ro/search/placa%20sunet
cel mai bun stick tv,1400,Medie,TV,https://www.emag.ro/search/stick%20tv
cel mai bun chromecast,1200,Medie,TV,https://www.emag.ro/search/chromecast
cel mai bun mini pc,1600,Medie,PC,https://www.emag.ro/search/mini%20pc
cel mai bun laptop 2 in 1,1900,Medie,Laptopuri,https://www.emag.ro/search/laptop%202%20in%201
cele mai bune ultrabookuri,2200,Ridicată,Laptopuri,https://www.emag.ro/search/ultrabook
cel mai bun all in one pc,1400,Medie,PC,https://www.emag.ro/search/all%20in%20one
cel mai bun monitor portabil,900,Medie,Monitoare,https://www.emag.ro/search/monitor%20portabil
cel mai bun docking station,800,Medie,Accesorii,https://www.emag.ro/search/docking%20station
cel mai bun hub thunderbolt,600,Scăzută,Accesorii,https://www.emag.ro/search/hub%20thunderbolt
cel mai bun adaptor hdmi,800,Medie,Accesorii,https://www.emag.ro/search/adaptor%20hdmi
cele mai bune carduri microSD,1900,Medie,Accesorii,https://www.emag.ro/search/card%20microsd
cel mai bun cititor carduri,600,Scăzută,Accesorii,https://www.emag.ro/search/cititor%20carduri
cel mai bun laptop pentru design grafic,2600,Ridicată,Laptopuri,https://www.emag.ro/search/laptop%20design%20grafic
cel mai bun laptop pentru editare video,2800,Ridicată,Laptopuri,https://www.emag.ro/search/laptop%20editare%20video
cel mai bun laptop pentru arhitectură,1900,Ridicată,Laptopuri,https://www.emag.ro/search/laptop%20arhitectura
cel mai bun laptop pentru office,1600,Medie,Laptopuri,https://www.emag.ro/search/laptop%20office
cele mai bune tablete ieftine,4400,Medie,Tablete,https://www.emag.ro/search/tablete%20ieftine
cel mai bun stylus pentru tabletă,900,Medie,Tablete,https://www.emag.ro/search/stylus%20tableta
cel mai bun ecran pentru laptop,600,Medie,Laptopuri,https://www.emag.ro/search/ecran%20laptop
cel mai bun suport monitor,700,Scăzută,Monitoare,https://www.emag.ro/search/suport%20monitor
cel mai bun scaun ergonomic,2900,Medie,Birou,https://www.emag.ro/search/scaun%20ergonomic
cel mai bun birou reglabil,2200,Medie,Birou,https://www.emag.ro/search/birou%20reglabil
cele mai bune lămpi de birou,1600,Medie,Birou,https://www.emag.ro/search/lampa%20birou
cel mai bun microfon podcast,1300,Medie,Audio,https://www.emag.ro/search/microfon%20podcast
cele mai bune camere web pentru zoom,1400,Medie,Video,https://www.emag.ro/search/webcam%20zoom
cel mai bun microfon lavalieră,1200,Medie,Audio,https://www.emag.ro/search/microfon%20lavaliera
cel mai bun filtru pop microfon,600,Scăzută,Audio,https://www.emag.ro/search/filtru%20pop
cel mai bun microfon pentru voce,1500,Medie,Audio,https://www.emag.ro/search/microfon%20voce
cel mai bun amplificator căști,900,Medie,Audio,https://www.emag.ro/search/amplificator%20casti
cele mai bune căști pentru studio,1900,Ridicată,Audio,https://www.emag.ro/search/casti%20studio
cel mai bun DAC audio,800,Medie,Audio,https://www.emag.ro/search/dac%20audio
cel mai bun player mp3,1200,Scăzută,Audio,https://www.emag.ro/search/player%20mp3
cel mai bun reportofon digital,900,Medie,Audio,https://www.emag.ro/search/reportofon
cele mai bune boxe active,1700,Medie,Audio,https://www.emag.ro/search/boxe%20active
cel mai bun subwoofer,2100,Medie,Audio,https://www.emag.ro/search/subwoofer
cel mai bun home theater,1900,Medie,TV,https://www.emag.ro/search/home%20theater
cele mai bune bare de sunet,1300,Medie,Audio,https://www.emag.ro/search/barre%20de%20sunet
cel mai bun amplificator AV,1000,Medie,Audio,https://www.emag.ro/search/amplificator%20av
cel mai bun media player,1100,Medie,TV,https://www.emag.ro/search/media%20player
cel mai bun convertor digital analogic,700,Scăzută,Audio,https://www.emag.ro/search/convertor%20digital%20analogic
cele mai bune camere IP,2900,Medie,Smart Home,https://www.emag.ro/search/camera%20ip
cel mai bun DVR,900,Medie,Smart Home,https://www.emag.ro/search/dvr
cel mai bun NVR,600,Medie,Smart Home,https://www.emag.ro/search/nvr
cel mai bun senzor mișcare smart,800,Medie,Smart Home,https://www.emag.ro/search/senzor%20miscare
cel mai bun termostat wifi,1300,Medie,Smart Home,https://www.emag.ro/search/termostat%20wifi
cel mai bun senzor temperatură,600,Scăzută,Smart Home,https://www.emag.ro/search/senzor%20temperatura
cel mai bun sistem iluminare smart,900,Medie,Smart Home,https://www.emag.ro/search/iluminare%20smart
cel mai bun controler smart home,700,Medie,Smart Home,https://www.emag.ro/search/controler%20smart%20home
cele mai bune sonerii video,1100,Medie,Smart Home,https://www.emag.ro/search/sonerie%20video
cel mai bun senzor de fum smart,800,Medie,Smart Home,https://www.emag.ro/search/senzor%20fum%20smart
cel mai bun sistem de irigare automat,700,Medie,Smart Home,https://www.emag.ro/search/sistem%20irigare%20smart
cele mai bune prize wifi,1200,Medie,Smart Home,https://www.emag.ro/search/prize%20wifi
cel mai bun comutator smart,900,Medie,Smart Home,https://www.emag.ro/search/comutator%20smart
cel mai bun releu wifi,700,Scăzută,Smart Home,https://www.emag.ro/search/releu%20wifi
cel mai bun sistem mesh,1300,Medie,Retea,https://www.emag.ro/search/sistem%20mesh
cele mai bune switch-uri de rețea,900,Medie,Retea,https://www.emag.ro/search/switch%20retea
cel mai bun modem 4G,1200,Medie,Retea,https://www.emag.ro/search/modem%204g
cel mai bun modem 5G,1100,Medie,Retea,https://www.emag.ro/search/modem%205g
cel mai bun cablu de rețea,1900,Scăzută,Retea,https://www.emag.ro/search/cablu%20retea
cel mai bun patch panel,500,Scăzută,Retea,https://www.emag.ro/search/patch%20panel
cel mai bun range extender,1000,Medie,Retea,https://www.emag.ro/search/range%20extender
cel mai bun firewall,900,Medie,Retea,https://www.emag.ro/search/firewall
cel mai bun server rack,600,Medie,Retea,https://www.emag.ro/search/server%20rack
cele mai bune camere de supraveghere 4K,1800,Medie,Smart Home,https://www.emag.ro/search/camera%20supraveghere%204k
cel mai bun sistem de stocare NAS,1000,Medie,Retea,https://www.emag.ro/search/sistem%20nas
cel mai bun hard NAS,800,Medie,Retea,https://www.emag.ro/search/hard%20nas
cel mai bun server personal,900,Medie,PC,https://www.emag.ro/search/server%20personal
cel mai bun laptop pentru business,2000,Medie,Laptopuri,https://www.emag.ro/search/laptop%20business
cel mai bun laptop Apple,2600,Ridicată,Laptopuri,https://www.emag.ro/search/macbook
cele mai bune laptopuri ASUS,2300,Medie,Laptopuri,https://www.emag.ro/search/laptop%20asus
cele mai bune laptopuri Lenovo,2200,Medie,Laptopuri,https://www.emag.ro/search/laptop%20lenovo
cel mai bun laptop HP,1900,Medie,Laptopuri,https://www.emag.ro/search/laptop%20hp
cel mai bun laptop Dell,1800,Medie,Laptopuri,https://www.emag.ro/search/laptop%20dell
cele mai bune tablete Samsung,2400,Medie,Tablete,https://www.emag.ro/search/tableta%20samsung
cel mai bun iPad 2025,3300,Ridicată,Tablete,https://www.emag.ro/search/ipad
cel mai bun telefon Samsung,5400,Ridicată,Telefoane,https://www.emag.ro/search/telefon%20samsung
cel mai bun telefon iPhone,8100,Ridicată,Telefoane,https://www.emag.ro/search/iphone
cel mai bun telefon Huawei,2900,Medie,Telefoane,https://www.emag.ro/search/telefon%20huawei
cele mai bune telefoane Xiaomi,3800,Medie,Telefoane,https://www.emag.ro/search/telefon%20xiaomi
cel mai bun smartwatch Samsung,2700,Medie,Smartwatch-uri,https://www.emag.ro/search/smartwatch%20samsung
cel mai bun smartwatch Apple,3300,Ridicată,Smartwatch-uri,https://www.emag.ro/search/apple%20watch
cel mai bun smartwatch Huawei,2300,Medie,Smartwatch-uri,https://www.emag.ro/search/smartwatch%20huawei
cele mai bune brățări fitness,4400,Medie,Gadgeturi,https://www.emag.ro/search/bratara%20fitness
cel mai bun fitband ieftin,1400,Scăzută,Gadgeturi,https://www.emag.ro/search/fitband%20ieftin
cel mai bun ceas sport,2900,Medie,Smartwatch-uri,https://www.emag.ro/search/ceas%20sport
cel mai bun pedometru,900,Medie,Gadgeturi,https://www.emag.ro/search/pedometru
cel mai bun cântar smart,1100,Medie,Smart Home,https://www.emag.ro/search/cantar%20smart
cele mai bune camere auto,4400,Medie,Auto,https://www.emag.ro/search/camera%20auto
cel mai bun DVR auto,2600,Medie,Auto,https://www.emag.ro/search/dvr%20auto
cel mai bun suport telefon auto,2100,Scăzută,Auto,https://www.emag.ro/search/suport%20telefon%20auto
cel mai bun încărcător auto,1700,Medie,Auto,https://www.emag.ro/search/incarcator%20auto
cel mai bun GPS auto,3200,Medie,Auto,https://www.emag.ro/search/gps%20auto
cele mai bune camere marsarier,1900,Medie,Auto,https://www.emag.ro/search/camera%20marsarier
cel mai bun senzor parcare,1200,Medie,Auto,https://www.emag.ro/search/senzor%20parcare
cel mai bun display auto,900,Medie,Auto,https://www.emag.ro/search/display%20auto
cele mai bune difuzoare auto,3100,Medie,Auto,https://www.emag.ro/search/difuzoare%20auto
cel mai bun amplificator auto,1300,Medie,Auto,https://www.emag.ro/search/amplificator%20auto
cel mai bun subwoofer auto,1900,Medie,Auto,https://www.emag.ro/search/subwoofer%20auto
cel mai bun action camera,2900,Medie,Camere,https://www.emag.ro/search/action%20camera
cel mai bun gopro,4400,Ridicată,Camere,https://www.emag.ro/search/gopro
cele mai bune camere sport,2100,Medie,Camere,https://www.emag.ro/search/camere%20sport
cel mai bun card de memorie pentru gopro,1600,Medie,Accesorii,https://www.emag.ro/search/card%20memorie%20gopro
cel mai bun trepied pentru cameră,1100,Medie,Accesorii,https://www.emag.ro/search/trepied%20camera
cel mai bun stabilizator video,1000,Medie,Camere,https://www.emag.ro/search/stabilizator%20video
cel mai bun aparat foto DSLR,3300,Ridicată,Camere Foto,https://www.emag.ro/search/aparat%20foto%20dslr
cele mai bune obiective foto,2900,Ridicată,Camere Foto,https://www.emag.ro/search/obiectiv%20foto
cel mai bun blitz extern,1200,Medie,Camere Foto,https://www.emag.ro/search/blitz%20extern
cel mai bun trepied foto,1000,Medie,Camere Foto,https://www.emag.ro/search/trepied%20foto
cel mai bun rucsac foto,900,Medie,Camere Foto,https://www.emag.ro/search/rucsac%20foto
cele mai bune camere video 4K,1800,Medie,Camere,https://www.emag.ro/search/camera%20video%204k
cel mai bun aparat foto subacvatic,1100,Medie,Camere,https://www.emag.ro/search/aparat%20foto%20subacvatic
cel mai bun webcam 4K,1300,Medie,Video,https://www.emag.ro/search/webcam%204k
cele mai bune camere pentru streaming,1900,Ridicată,Video,https://www.emag.ro/search/camera%20streaming
cel mai bun microfon usb,1700,Medie,Audio,https://www.emag.ro/search/microfon%20usb
cel mai bun mixer audio,1300,Medie,Audio,https://www.emag.ro/search/mixer%20audio
cel mai bun set microfon podcast,1200,Medie,Audio,https://www.emag.ro/search/set%20microfon%20podcast
cel mai bun controller audio,800,Scăzută,Audio,https://www.emag.ro/search/controller%20audio
cel mai bun software de editare video,2400,Medie,Software,https://www.emag.ro/search/editare%20video
cele mai bune programe de editare foto,2200,Medie,Software,https://www.emag.ro/search/editare%20foto
cel mai bun antivirus,6600,Ridicată,Software,https://www.emag.ro/search/antivirus
cel mai bun VPN,5400,Ridicată,Software,https://www.emag.ro/search/vpn
cel mai bun mousepad de gaming,1300,Medie,Periferice,https://www.emag.ro/search/mousepad%20gaming
cel mai bun scaun de gaming,5900,Ridicată,Gaming,https://www.emag.ro/search/scaun%20gaming
cel mai bun birou de gaming,3300,Medie,Gaming,https://www.emag.ro/search/birou%20gaming
cele mai bune căști gaming,8800,Ridicată,Gaming,https://www.emag.ro/search/casti%20gaming
cel mai bun controller PC,2100,Medie,Gaming,https://www.emag.ro/search/controller%20pc
cel mai bun joystick,1500,Medie,Gaming,https://www.emag.ro/search/joystick
cel mai bun volan gaming,2600,Medie,Gaming,https://www.emag.ro/search/volan%20gaming
cel mai bun simulator de curse,900,Medie,Gaming,https://www.emag.ro/search/simulator%20curse
cele mai bune plăci video,8100,Ridicată,PC,https://www.emag.ro/search/placa%20video
cel mai bun procesor,6600,Ridicată,PC,https://www.emag.ro/search/procesor
cel mai bun cooler CPU,1900,Medie,PC,https://www.emag.ro/search/cooler%20cpu
cel mai bun cooler lichid,1200,Medie,PC,https://www.emag.ro/search/cooler%20lichid
cel mai bun SSD,5400,Ridicată,PC,https://www.emag.ro/search/ssd
cele mai bune HDD-uri externe,4400,Medie,PC,https://www.emag.ro/search/hdd%20extern
cel mai bun stick USB,3200,Medie,Accesorii,https://www.emag.ro/search/stick%20usb
cel mai bun NAS personal,900,Medie,Retea,https://www.emag.ro/search/nas%20personal
cel mai bun sursă PC,1600,Medie,PC,https://www.emag.ro/search/sursa%20pc
cel mai bun UPS,1900,Medie,PC,https://www.emag.ro/search/ups
cel mai bun cablu HDMI,2800,Scăzută,Accesorii,https://www.emag.ro/search/cablu%20hdmi
cel mai bun cablu DisplayPort,900,Scăzută,Accesorii,https://www.emag.ro/search/cablu%20displayport
cel mai bun splitter HDMI,700,Scăzută,Accesorii,https://www.emag.ro/search/splitter%20hdmi
cel mai bun switch HDMI,800,Scăzută,Accesorii,https://www.emag.ro/search/switch%20hdmi
cel mai bun adaptor Bluetooth,1000,Medie,Accesorii,https://www.emag.ro/search/adaptor%20bluetooth
cele mai bune camere VR,1900,Medie,Realitate Virtuală,https://www.emag.ro/search/camere%20vr
cel mai bun headset VR,3300,Ridicată,Realitate Virtuală,https://www.emag.ro/search/headset%20vr
cel mai bun sistem VR pentru PC,1400,Medie,Realitate Virtuală,https://www.emag.ro/search/sistem%20vr%20pc
cel mai bun hoverboard,2600,Medie,Gadgeturi,https://www.emag.ro/search/hoverboard
cele mai bune hoverboarduri pentru copii,1700,Medie,Gadgeturi,https://www.emag.ro/search/hoverboard%20copii
cel mai bun skateboard electric,1300,Medie,Gadgeturi,https://www.emag.ro/search/skateboard%20electric
cele mai bune trotinete electrice,6600,Ridicată,Mobilitate,https://www.emag.ro/search/trotineta%20electrica
cel mai bun scuter electric,3200,Medie,Mobilitate,https://www.emag.ro/search/scuter%20electric
cel mai bun monociclu electric,800,Scăzută,Mobilitate,https://www.emag.ro/search/monociclu%20electric
cel mai bun hoverkart,700,Scăzută,Mobilitate,https://www.emag.ro/search/hoverkart
cele mai bune biciclete electrice,4400,Ridicată,Mobilitate,https://www.emag.ro/search/bicicleta%20electrica
cel mai bun sistem GPS pentru bicicletă,900,Medie,Mobilitate,https://www.emag.ro/search/gps%20bicicleta
cel mai bun tracker de activitate,2200,Medie,Fitness Tech,https://www.emag.ro/search/tracker%20activitate
cele mai bune smartwatch-uri pentru sport,3300,Ridicată,Fitness Tech,https://www.emag.ro/search/smartwatch%20sport
cel mai bun smartwatch cu GPS,2600,Medie,Fitness Tech,https://www.emag.ro/search/smartwatch%20gps
cel mai bun ceas inteligent pentru înot,1300,Medie,Fitness Tech,https://www.emag.ro/search/ceas%20inteligent%20inot
cele mai bune brățări inteligente,3900,Medie,Fitness Tech,https://www.emag.ro/search/bratara%20inteligenta
cel mai bun senzor de somn,800,Scăzută,Fitness Tech,https://www.emag.ro/search/senzor%20somn
cel mai bun senzor de puls,900,Medie,Fitness Tech,https://www.emag.ro/search/senzor%20puls
cele mai bune camere 360,1900,Medie,Camere,https://www.emag.ro/search/camera%20360
cel mai bun aparat VR standalone,1200,Medie,Realitate Virtuală,https://www.emag.ro/search/aparat%20vr%20standalone
cel mai bun headset AR,900,Medie,Realitate Augmentată,https://www.emag.ro/search/headset%20ar
cele mai bune ochelari VR,2400,Medie,Realitate Virtuală,https://www.emag.ro/search/ochelari%20vr
cel mai bun smartphone pliabil,2700,Ridicată,Telefoane,https://www.emag.ro/search/telefon%20pliabil
cel mai bun telefon 5G,3800,Ridicată,Telefoane,https://www.emag.ro/search/telefon%205g
cele mai bune telefoane midrange,3300,Medie,Telefoane,https://www.emag.ro/search/telefon%20midrange
cel mai bun telefon rezistent la apă,3100,Medie,Telefoane,https://www.emag.ro/search/telefon%20rezistent%20apa
cele mai bune huse pentru telefoane,2800,Scăzută,Accesorii,https://www.emag.ro/search/huse%20telefon
cel mai bun încărcător GaN,1100,Medie,Accesorii,https://www.emag.ro/search/incarcator%20gan
cele mai bune cabluri de încărcare rapidă,1900,Scăzută,Accesorii,https://www.emag.ro/search/cablu%20fast%20charging
cel mai bun adaptor multiport,900,Medie,Accesorii,https://www.emag.ro/search/adaptor%20multiport
cel mai bun powerbank solar,700,Scăzută,Accesorii,https://www.emag.ro/search/powerbank%20solar
cele mai bune genți pentru laptop,2200,Medie,Accesorii,https://www.emag.ro/search/genti%20laptop
cel mai bun rucsac pentru laptop,2800,Medie,Accesorii,https://www.emag.ro/search/rucsac%20laptop
cel mai bun cooling pad pentru laptop,1500,Medie,Accesorii,https://www.emag.ro/search/cooling%20pad%20laptop
cele mai bune suporturi de telefon pentru birou,1300,Scăzută,Accesorii,https://www.emag.ro/search/suport%20telefon%20birou
cel mai bun hub USB-C,1700,Medie,Accesorii,https://www.emag.ro/search/hub%20usb%20c
cel mai bun adaptor ethernet,1000,Scăzută,Accesorii,https://www.emag.ro/search/adaptor%20ethernet
cele mai bune tastaturi wireless,2600,Medie,Periferice,https://www.emag.ro/search/tastatura%20wireless
cel mai bun mouse vertical ergonomic,1400,Medie,Periferice,https://www.emag.ro/search/mouse%20vertical
cel mai bun trackball mouse,900,Scăzută,Periferice,https://www.emag.ro/search/trackball
cele mai bune boxe bluetooth portabile,3900,Medie,Audio,https://www.emag.ro/search/boxe%20bluetooth%20portabile
cel mai bun difuzor inteligent,1900,Medie,Smart Home,https://www.emag.ro/search/difuzor%20inteligent
cel mai bun asistent smart,1300,Medie,Smart Home,https://www.emag.ro/search/asistent%20smart
cele mai bune camere baby monitor,2300,Medie,Smart Home,https://www.emag.ro/search/camera%20bebe
cel mai bun purificator de aer smart,2700,Medie,Smart Home,https://www.emag.ro/search/purificator%20aer%20smart
cel mai bun umidificator inteligent,1700,Medie,Smart Home,https://www.emag.ro/search/umidificator%20inteligent
cele mai bune prize cu consum metru,1000,Scăzută,Smart Home,https://www.emag.ro/search/priza%20consum
cel mai bun senzor de CO2,700,Medie,Smart Home,https://www.emag.ro/search/senzor%20co2
cel mai bun sistem de alarmă smart,1600,Medie,Smart Home,https://www.emag.ro/search/alarma%20smart
cele mai bune interfoane video,1900,Medie,Smart Home,https://www.emag.ro/search/interfon%20video
cel mai bun router 5G,2300,Medie,Retea,https://www.emag.ro/search/router%205g
cel mai bun PC de gaming,4900,Ridicată,Gaming,https://www.emag.ro/search/pc%20gaming
cele mai bune plăci de bază,3300,Medie,PC,https://www.emag.ro/search/placa%20de%20baza
cel mai bun cooler pentru procesor,1500,Medie,PC,https://www.emag.ro/search/cooler%20procesor
cele mai bune memorii RAM,3100,Medie,PC,https://www.emag.ro/search/memorii%20ram
cel mai bun SSD NVMe,2700,Ridicată,PC,https://www.emag.ro/search/ssd%20nvme
cel mai bun HDD intern,1900,Medie,PC,https://www.emag.ro/search/hdd%20intern
cele mai bune carcase PC,2200,Medie,PC,https://www.emag.ro/search/carcasa%20pc
cel mai bun ventilator RGB,1300,Medie,PC,https://www.emag.ro/search/ventilator%20rgb
cel mai bun mouse de gaming wireless,2400,Ridicată,Gaming,https://www.emag.ro/search/mouse%20gaming%20wireless
cele mai bune tastaturi de gaming,4100,Ridicată,Gaming,https://www.emag.ro/search/tastatura%20gaming
cel mai bun mousepad RGB,1200,Medie,Gaming,https://www.emag.ro/search/mousepad%20rgb
cel mai bun controller Xbox,2700,Medie,Gaming,https://www.emag.ro/search/controller%20xbox
cel mai bun controller PlayStation,3100,Medie,Gaming,https://www.emag.ro/search/controller%20ps5
cele mai bune console portabile,3600,Ridicată,Gaming,https://www.emag.ro/search/console%20portabile
cel mai bun PS5,8800,Ridicată,Gaming,https://www.emag.ro/search/ps5
cel mai bun Xbox Series X,6600,Ridicată,Gaming,https://www.emag.ro/search/xbox%20series%20x
cele mai bune jocuri pentru PS5,4300,Medie,Gaming,https://www.emag.ro/search/jocuri%20ps5
cele mai bune jocuri pentru PC,3900,Medie,Gaming,https://www.emag.ro/search/jocuri%20pc
cel mai bun monitor pentru PS5,2400,Medie,Gaming,https://www.emag.ro/search/monitor%20ps5
cel mai bun monitor pentru Xbox,1900,Medie,Gaming,https://www.emag.ro/search/monitor%20xbox
cele mai bune drone profesionale,2800,Ridicată,Drone,https://www.emag.ro/search/drone%20profesionale
cel mai bun gimbal pentru telefon,1300,Medie,Foto Video,https://www.emag.ro/search/gimbal%20telefon
cel mai bun stabilizator pentru cameră,1000,Medie,Foto Video,https://www.emag.ro/search/stabilizator%20camera
cele mai bune microfoane pentru streaming,1900,Medie,Streaming,https://www.emag.ro/search/microfon%20streaming
cel mai bun mixer audio USB,1100,Medie,Streaming,https://www.emag.ro/search/mixer%20audio%20usb
cel mai bun suport microfon,800,Scăzută,Streaming,https://www.emag.ro/search/suport%20microfon
cele mai bune camere pentru vlogging,2600,Medie,Camere,https://www.emag.ro/search/camera%20vlogging
cel mai bun aparat foto pentru YouTube,1900,Medie,Camere,https://www.emag.ro/search/aparat%20foto%20youtube
cel mai bun ring light,2400,Medie,Iluminare,https://www.emag.ro/search/ring%20light
cele mai bune lumini video,1600,Medie,Iluminare,https://www.emag.ro/search/lumini%20video
cel mai bun trepied pentru vlog,1000,Medie,Foto Video,https://www.emag.ro/search/trepied%20vlog
cel mai bun teleprompter,800,Scăzută,Streaming,https://www.emag.ro/search/teleprompter
cele mai bune microfoane lavalieră,1400,Medie,Audio,https://www.emag.ro/search/microfon%20lavaliera
cel mai bun set lumini RGB,1300,Medie,Iluminare,https://www.emag.ro/search/lumini%20rgb
cel mai bun webcam pentru conferințe,1900,Medie,Video,https://www.emag.ro/search/webcam%20conferinte
cele mai bune camere pentru zoom,1600,Medie,Video,https://www.emag.ro/search/camera%20zoom
cel mai bun monitor 240Hz,1700,Ridicată,Monitoare,https://www.emag.ro/search/monitor%20240hz
cel mai bun monitor ultrawide,2600,Ridicată,Monitoare,https://www.emag.ro/search/monitor%20ultrawide
cele mai bune monitoare 144Hz,3200,Medie,Monitoare,https://www.emag.ro/search/monitor%20144hz
cel mai bun suport pentru căști,900,Scăzută,Accesorii,https://www.emag.ro/search/suport%20casti
cel mai bun prelungitor cu USB,1100,Scăzută,Accesorii,https://www.emag.ro/search/prelungitor%20usb
cele mai bune organizatoare de cabluri,1300,Scăzută,Accesorii,https://www.emag.ro/search/organizator%20cablu
cel mai bun docking station pentru laptop,1400,Medie,Accesorii,https://www.emag.ro/search/docking%20station%20laptop
cele mai bune camere spion,2400,Medie,Gadgeturi,https://www.emag.ro/search/camera%20spion
cel mai bun detector GPS,1000,Medie,Gadgeturi,https://www.emag.ro/search/detector%20gps
cel mai bun localizator Bluetooth,1200,Medie,Gadgeturi,https://www.emag.ro/search/localizator%20bluetooth
cele mai bune trackere pentru chei,1300,Scăzută,Gadgeturi,https://www.emag.ro/search/tracker%20chei
cel mai bun dispozitiv anti pierdere,800,Scăzută,Gadgeturi,https://www.emag.ro/search/dispozitiv%20anti%20pierdut
cel mai bun sistem de securitate smart,2200,Medie,Smart Home,https://www.emag.ro/search/sistem%20securitate%20smart
cele mai bune camere de supraveghere,5400,Ridicată,Smart Home,https://www.emag.ro/search/camere%20supraveghere
cel mai bun NVR pentru camere IP,1000,Medie,Smart Home,https://www.emag.ro/search/nvr%20camere%20ip
cele mai bune camere IP WiFi,3100,Medie,Smart Home,https://www.emag.ro/search/camera%20ip%20wifi
cel mai bun sistem de sonerie video,1400,Medie,Smart Home,https://www.emag.ro/search/sonerie%20video
cel mai bun sistem de irigație smart,900,Scăzută,Smart Home,https://www.emag.ro/search/irigatie%20smart
cele mai bune senzori de mișcare,1300,Medie,Smart Home,https://www.emag.ro/search/senzor%20miscare
cel mai bun senzor de fum smart,1200,Medie,Smart Home,https://www.emag.ro/search/senzor%20fum
cele mai bune detectoare de gaz,1100,Medie,Smart Home,https://www.emag.ro/search/detector%20gaz
cel mai bun termostat inteligent WiFi,2100,Medie,Smart Home,https://www.emag.ro/search/termostat%20wifi
cel mai bun sistem audio multiroom,1500,Medie,Smart Home,https://www.emag.ro/search/sistem%20audio%20multiroom
cele mai bune prize controlate vocal,800,Scăzută,Smart Home,https://www.emag.ro/search/priza%20vocal
cel mai bun aspirator vertical smart,3300,Ridicată,Electrocasnice Tech,https://www.emag.ro/search/aspirator%20vertical%20smart
cel mai bun robot de bucătărie inteligent,2100,Medie,Electrocasnice Tech,https://www.emag.ro/search/robot%20bucatarie%20inteligent
cele mai bune blendere smart,1600,Medie,Electrocasnice Tech,https://www.emag.ro/search/blender%20smart
cel mai bun fierbător cu control temperatură,900,Scăzută,Electrocasnice Tech,https://www.emag.ro/search/fierbator%20temperatura
cele mai bune cafetiere automate,4300,Ridicată,Electrocasnice Tech,https://www.emag.ro/search/cafetiera%20automata
cel mai bun espressor smart,2400,Medie,Electrocasnice Tech,https://www.emag.ro/search/espressor%20smart
cel mai bun toaster digital,700,Scăzută,Electrocasnice Tech,https://www.emag.ro/search/toaster%20digital
cele mai bune frigidere inteligente,2800,Medie,Electrocasnice Tech,https://www.emag.ro/search/frigider%20smart
cel mai bun purificator de aer HEPA,3100,Ridicată,Smart Home,https://www.emag.ro/search/purificator%20hepa
cel mai bun deumidificator smart,1900,Medie,Smart Home,https://www.emag.ro/search/dezumidificator%20smart
cele mai bune aspiratoare robot cu mop,3800,Ridicată,Smart Home,https://www.emag.ro/search/robot%20mop
cel mai bun suport monitor reglabil,1300,Medie,Birou Tech,https://www.emag.ro/search/suport%20monitor
cele mai bune lămpi de birou LED,1700,Scăzută,Birou Tech,https://www.emag.ro/search/lampa%20birou%20led
cel mai bun suport pentru laptop ajustabil,1500,Medie,Birou Tech,https://www.emag.ro/search/suport%20laptop%20ajustabil
cel mai bun docking station universal,1600,Medie,Birou Tech,https://www.emag.ro/search/docking%20station
cele mai bune scaune ergonomice tech,3100,Ridicată,Birou Tech,https://www.emag.ro/search/scaun%20ergonomic
cel mai bun birou reglabil electric,2700,Ridicată,Birou Tech,https://www.emag.ro/search/birou%20electric
cel mai bun suport pentru picioare,1000,Scăzută,Birou Tech,https://www.emag.ro/search/suport%20picioare
cele mai bune căști cu microfon,3200,Medie,Audio,https://www.emag.ro/search/casti%20microfon
cel mai bun sistem audio 2.1,2100,Medie,Audio,https://www.emag.ro/search/sistem%202.1
cele mai bune boxe de birou,1900,Scăzută,Audio,https://www.emag.ro/search/boxe%20birou
cel mai bun soundbar Dolby Atmos,2500,Ridicată,Audio,https://www.emag.ro/search/soundbar%20dolby%20atmos
cel mai bun amplificator audio,1500,Medie,Audio,https://www.emag.ro/search/amplificator%20audio
cele mai bune DAC-uri audio,1000,Medie,Audio,https://www.emag.ro/search/dac%20audio
cel mai bun subwoofer activ,1900,Medie,Audio,https://www.emag.ro/search/subwoofer%20activ
cel mai bun recorder portabil,800,Scăzută,Audio,https://www.emag.ro/search/recorder%20portabil
cele mai bune camere auto,5600,Ridicată,Auto,https://www.emag.ro/search/camera%20auto
cel mai bun DVR auto,3700,Medie,Auto,https://www.emag.ro/search/dvr%20auto
cel mai bun suport auto cu încărcare wireless,3100,Medie,Auto,https://www.emag.ro/search/suport%20auto%20wireless
cele mai bune oglinzi retrovizoare smart,1400,Medie,Auto,https://www.emag.ro/search/oglinda%20retrovisor%20smart
cel mai bun sistem HUD auto,1200,Scăzută,Auto,https://www.emag.ro/search/hud%20auto
cel mai bun detector radar,3500,Ridicată,Auto,https://www.emag.ro/search/detector%20radar
cele mai bune camere marșarier,1900,Medie,Auto,https://www.emag.ro/search/camera%20marsarier
cel mai bun încărcător auto rapid,2200,Medie,Auto,https://www.emag.ro/search/incarcator%20auto%20rapid
cele mai bune accesorii auto inteligente,1700,Medie,Auto,https://www.emag.ro/search/accesorii%20auto%20smart
cel mai bun purificator auto,1500,Medie,Auto,https://www.emag.ro/search/purificator%20auto
cel mai bun sistem hands-free auto,1900,Medie,Auto,https://www.emag.ro/search/handsfree%20auto
cele mai bune camere interioare auto,1200,Scăzută,Auto,https://www.emag.ro/search/camera%20interioara%20auto
cel mai bun tracker GPS auto,2500,Medie,Auto,https://www.emag.ro/search/tracker%20gps%20auto
cele mai bune dashcam-uri 4K,2200,Ridicată,Auto,https://www.emag.ro/search/dashcam%204k
cel mai bun ceas pentru monitorizarea somnului,2200,Medie,Health Tech,https://www.emag.ro/search/ceas%20monitorizare%20somn
cele mai bune smartwatch-uri fitness,4200,Ridicată,Health Tech,https://www.emag.ro/search/smartwatch%20fitness
cel mai bun ceas pentru alergare,3100,Medie,Health Tech,https://www.emag.ro/search/ceas%20alergare
cel mai bun tracker de sănătate,1900,Medie,Health Tech,https://www.emag.ro/search/tracker%20sanatate
cele mai bune brățări pentru fitness,2600,Medie,Health Tech,https://www.emag.ro/search/bratara%20fitness
cel mai bun cântar inteligent,2700,Medie,Health Tech,https://www.emag.ro/search/cantar%20inteligent
cele mai bune tensiometre digitale,2400,Medie,Health Tech,https://www.emag.ro/search/tensiometru%20digital
cel mai bun glucometru smart,1100,Scăzută,Health Tech,https://www.emag.ro/search/glucometru%20smart
cel mai bun pulsmetru de mână,1300,Medie,Health Tech,https://www.emag.ro/search/pulsmetru%20mana
cele mai bune termometre digitale,1700,Medie,Health Tech,https://www.emag.ro/search/termometru%20digital
cel mai bun oximetru de deget,2500,Medie,Health Tech,https://www.emag.ro/search/oximetru
cel mai bun aparat de masaj cervical,1900,Medie,Wellness Tech,https://www.emag.ro/search/masaj%20cervical
cele mai bune aparate de masaj picioare,2200,Medie,Wellness Tech,https://www.emag.ro/search/masaj%20picioare
cel mai bun scaun de masaj inteligent,1400,Ridicată,Wellness Tech,https://www.emag.ro/search/scaun%20masaj
cel mai bun dispozitiv de terapie cu lumină,900,Scăzută,Wellness Tech,https://www.emag.ro/search/terapie%20lumina
cele mai bune aparate pentru electrostimulare,1300,Medie,Wellness Tech,https://www.emag.ro/search/electrostimulare
cel mai bun umidificator de cameră,2000,Medie,Smart Home,https://www.emag.ro/search/umidificator
cel mai bun purificator de aer portabil,1700,Medie,Smart Home,https://www.emag.ro/search/purificator%20portabil
cele mai bune difuzoare de aromaterapie,1200,Medie,Wellness Tech,https://www.emag.ro/search/difuzor%20aromaterapie
cel mai bun termometru inteligent,900,Scăzută,Health Tech,https://www.emag.ro/search/termometru%20inteligent
cel mai bun analizator corporal,1100,Medie,Health Tech,https://www.emag.ro/search/analizator%20corporal
cele mai bune aparate de monitorizare EKG,1500,Medie,Health Tech,https://www.emag.ro/search/ekg
cel mai bun tensiometru pentru încheietură,1200,Scăzută,Health Tech,https://www.emag.ro/search/tensiometru%20incheietura
cel mai bun dispozitiv anti sforăit,1000,Scăzută,Wellness Tech,https://www.emag.ro/search/anti%20sforait
cele mai bune perne inteligente,1300,Medie,Wellness Tech,https://www.emag.ro/search/perna%20inteligenta
cel mai bun ceas cu tensiometru,1600,Medie,Health Tech,https://www.emag.ro/search/ceas%20tensiometru
cele mai bune smartwatch-uri pentru somn,2200,Medie,Health Tech,https://www.emag.ro/search/smartwatch%20somn
cel mai bun aparat de monitorizare a stresului,900,Scăzută,Health Tech,https://www.emag.ro/search/monitorizare%20stres
cel mai bun aparat de masaj ocular,1000,Medie,Wellness Tech,https://www.emag.ro/search/masaj%20ocular
cele mai bune brățări inteligente cu EKG,1400,Medie,Health Tech,https://www.emag.ro/search/bratara%20ekg
cel mai bun senzor pentru somn,800,Scăzută,Wellness Tech,https://www.emag.ro/search/senzor%20somn
cel mai bun dispozitiv de postură,1100,Scăzută,Health Tech,https://www.emag.ro/search/dispozitiv%20postura
cele mai bune scaune inteligente pentru birou,1900,Ridicată,Birou Tech,https://www.emag.ro/search/scaun%20inteligent
cel mai bun ventilator smart,1300,Medie,Smart Home,https://www.emag.ro/search/ventilator%20smart
cele mai bune saltele cu încălzire,1500,Medie,Wellness Tech,https://www.emag.ro/search/saltea%20incalzire
cel mai bun aparat de ozonoterapie,700,Scăzută,Health Tech,https://www.emag.ro/search/ozonoterapie
cele mai bune cântare pentru compoziția corporală,1800,Medie,Health Tech,https://www.emag.ro/search/cantar%20corp
cel mai bun dispozitiv de respirație smart,800,Scăzută,Wellness Tech,https://www.emag.ro/search/dispozitiv%20respiratie
cel mai bun aparat pentru inhalare,1300,Medie,Health Tech,https://www.emag.ro/search/inhalator
cele mai bune aparate de masaj pentru spate,2000,Medie,Wellness Tech,https://www.emag.ro/search/masaj%20spate
cel mai bun dispozitiv de relaxare cu vibrații,900,Scăzută,Wellness Tech,https://www.emag.ro/search/relaxare%20vibratii
cele mai bune aparate de monitorizare a somnului,1700,Medie,Health Tech,https://www.emag.ro/search/monitorizare%20somn
cel mai bun monitor cardiac portabil,1000,Medie,Health Tech,https://www.emag.ro/search/monitor%20cardiac
cele mai bune perne cu masaj,1500,Medie,Wellness Tech,https://www.emag.ro/search/perna%20masaj
cel mai bun umidificator ultrasonic,1700,Medie,Smart Home,https://www.emag.ro/search/umidificator%20ultrasonic
cel mai bun difuzor de uleiuri esențiale,2000,Medie,Wellness Tech,https://www.emag.ro/search/difuzor%20uleiuri
cele mai bune aparate de filtrare a aerului,2400,Ridicată,Smart Home,https://www.emag.ro/search/filtru%20aer
cel mai bun dispozitiv de masaj pentru gât,1300,Medie,Wellness Tech,https://www.emag.ro/search/masaj%20gat
cele mai bune brățări fitness ieftine,3100,Ridicată,Health Tech,https://www.emag.ro/search/bratara%20fitness%20ieftina
