ID,Cuvânt cheie,Categorie,Subtag,URL eMAG,URL Search
"kw-0","cel mai bun absorbant umiditate 2025","Absorbant Umiditate","2025","https://www.emag.ro/absorbant-umiditate/c","https://www.emag.ro/search/cel%20mai%20bun%20absorbant%20umiditate%202025"
"kw-1","cel mai bun absorbant umiditate ieftin","Absorbant Umiditate","ieftin","https://www.emag.ro/absorbant-umiditate/c","https://www.emag.ro/search/cel%20mai%20bun%20absorbant%20umiditate%20ieftin"
"kw-2","cel mai bun absorbant umiditate profesional","Absorbant Umiditate","profesional","https://www.emag.ro/absorbant-umiditate/c","https://www.emag.ro/search/cel%20mai%20bun%20absorbant%20umiditate%20profesional"
"kw-3","cel mai bun absorbant umiditate performant","Absorbant Umiditate","performant","https://www.emag.ro/absorbant-umiditate/c","https://www.emag.ro/search/cel%20mai%20bun%20absorbant%20umiditate%20performant"
"kw-4","cel mai bun absorbant umiditate compact","Absorbant Umiditate","compact","https://www.emag.ro/absorbant-umiditate/c","https://www.emag.ro/search/cel%20mai%20bun%20absorbant%20umiditate%20compact"
"kw-5","cele mai bune acces point uri 2025","Acces Point Uri","2025","https://www.emag.ro/acces-point-uri/c","https://www.emag.ro/search/cele%20mai%20bune%20acces%20point%20uri%202025"
"kw-6","cele mai bune acces point uri pentru acasă","Acces Point Uri","pentru acasă","https://www.emag.ro/acces-point-uri/c","https://www.emag.ro/search/cele%20mai%20bune%20acces%20point%20uri%20pentru%20acas%C4%83"
"kw-7","cele mai bune acces point uri pentru birouri","Acces Point Uri","pentru birouri","https://www.emag.ro/acces-point-uri/c","https://www.emag.ro/search/cele%20mai%20bune%20acces%20point%20uri%20pentru%20birouri"
"kw-8","cele mai bune acces point uri cu Wi-Fi 6","Acces Point Uri","cu Wi-Fi 6","https://www.emag.ro/acces-point-uri/c","https://www.emag.ro/search/cele%20mai%20bune%20acces%20point%20uri%20cu%20Wi-Fi%206"
"kw-9","cele mai bune acces point uri mesh Wi-Fi","Acces Point Uri","mesh Wi-Fi","https://www.emag.ro/acces-point-uri/c","https://www.emag.ro/search/cele%20mai%20bune%20acces%20point%20uri%20mesh%20Wi-Fi"